Date,Origin,Routing,Crossdock,Cost
2023-01-02,CA91720,VIA_TX75477,TX75477,366792.8333235685
2023-01-02,GA30043,DIRECT,N/A,163743.87464633692
2023-01-03,CA91720,VIA_TX75477,TX75477,196457.58532205262
2023-01-03,GA30043,DIRECT,N/A,298723.44405655575
2023-01-04,CA91720,VIA_TX75477,TX75477,144671.40171026555
2023-01-04,GA30043,DIRECT,N/A,481670.82536232955
2023-01-05,CA91720,VIA_TX75477,TX75477,287875.2229357003
2023-01-05,GA30043,DIRECT,N/A,396687.06242420356
2023-01-06,CA91720,VIA_TX75477,TX75477,96746.10512684331
2023-01-06,GA30043,DIRECT,N/A,329778.73727012187
2023-01-07,CA91720,VIA_TX75477,TX75477,125854.11797568234
2023-01-07,GA30043,DIRECT,N/A,241008.47450704678
2023-01-08,CA91720,DIRECT,N/A,100948.16450407341
2023-01-08,GA30043,DIRECT,N/A,97307.1518732546
2023-01-09,CA91720,VIA_TX75477,TX75477,188173.22481458014
2023-01-09,GA30043,DIRECT,N/A,488290.5443564119
2023-01-10,CA91720,VIA_TX75477,TX75477,458902.92126415955
2023-01-10,GA30043,DIRECT,N/A,435424.9232849115
2023-01-11,CA91720,VIA_TX75477,TX75477,235880.89758575326
2023-01-11,GA30043,DIRECT,N/A,551813.397130691
2023-01-12,CA91720,VIA_TX75477,TX75477,315487.59310877626
2023-01-12,GA30043,DIRECT,N/A,152876.46052267007
2023-01-13,CA91720,VIA_TX75477,TX75477,313216.92827566824
2023-01-13,GA30043,DIRECT,N/A,223801.57869003364
2023-01-14,CA91720,VIA_TX75477,TX75477,257375.285727321
2023-01-14,GA30043,DIRECT,N/A,389151.1389799176
2023-01-15,CA91720,VIA_TX75477,TX75477,280740.4032808024
2023-01-15,GA30043,DIRECT,N/A,266535.96017598215
2023-01-16,CA91720,DIRECT,N/A,115321.8469124582
2023-01-16,GA30043,DIRECT,N/A,287166.15688474715
2023-01-17,CA91720,VIA_TX75477,TX75477,280896.01475242985
2023-01-17,GA30043,DIRECT,N/A,423857.87320481177
2023-01-18,CA91720,VIA_TX75477,TX75477,292444.9929527765
2023-01-18,GA30043,DIRECT,N/A,317419.12241232436
2023-01-19,CA91720,VIA_TX75477,TX75477,289403.1181718689
2023-01-19,GA30043,DIRECT,N/A,368928.68884384824
2023-01-20,CA91720,VIA_TX75477,TX75477,411097.48482054356
2023-01-20,GA30043,DIRECT,N/A,443502.1752750247
2023-01-21,CA91720,VIA_TX75477,TX75477,398508.1452234562
2023-01-21,GA30043,DIRECT,N/A,283467.61167565186
2023-01-22,CA91720,VIA_TX75477,TX75477,190031.3429319416
2023-01-22,GA30043,DIRECT,N/A,595462.0959495244
2023-01-23,CA91720,VIA_TX75477,TX75477,329230.84314155154
2023-01-23,GA30043,DIRECT,N/A,382924.4828350717
2023-01-24,CA91720,VIA_TX75477,TX75477,367409.29558187455
2023-01-24,GA30043,DIRECT,N/A,321074.0912814559
2023-01-25,CA91720,VIA_TX75477,TX75477,267546.04237477825
2023-01-25,GA30043,DIRECT,N/A,303106.5111390901
2023-01-26,CA91720,VIA_TX75477,TX75477,449413.2890811291
2023-01-26,GA30043,DIRECT,N/A,445204.0363276246
2023-01-27,CA91720,VIA_TX75477,TX75477,216040.22558652898
2023-01-27,GA30043,DIRECT,N/A,451153.03857729863
2023-01-28,CA91720,VIA_TX75477,TX75477,87272.02465822536
2023-01-28,GA30043,DIRECT,N/A,572018.2283723912
2023-01-29,CA91720,VIA_TX75477,TX75477,225585.25705141685
2023-01-29,GA30043,DIRECT,N/A,649419.9178633105
2023-01-30,CA91720,DIRECT,N/A,601463.1287105386
2023-01-30,GA30043,DIRECT,N/A,245965.25105692827
2023-01-31,CA91720,VIA_TX75477,TX75477,402568.92103123013
2023-01-31,GA30043,DIRECT,N/A,425808.5847031272
2023-02-01,CA91720,VIA_TX75477,TX75477,273046.53072978626
2023-02-01,GA30043,DIRECT,N/A,766487.6753714113
2023-02-02,CA91720,VIA_TX75477,TX75477,338070.4575428129
2023-02-02,GA30043,DIRECT,N/A,176523.5928962855
2023-02-03,CA91720,VIA_TX75477,TX75477,154901.6225781542
2023-02-03,GA30043,DIRECT,N/A,378177.60874560225
2023-02-04,CA91720,VIA_TX75477,TX75477,215209.96881501446
2023-02-04,GA30043,DIRECT,N/A,292825.161514638
2023-02-05,CA91720,VIA_TX75477,TX75477,199401.76668014575
2023-02-05,GA30043,DIRECT,N/A,464955.95366214163
2023-02-06,CA91720,VIA_TX75477,TX75477,182433.71509058352
2023-02-06,GA30043,DIRECT,N/A,246734.59381408393
2023-02-07,CA91720,VIA_TX75477,TX75477,51787.582909065124
2023-02-07,GA30043,DIRECT,N/A,311955.60219758586
2023-02-08,CA91720,VIA_TX75477,TX75477,249363.99695998573
2023-02-08,GA30043,DIRECT,N/A,401390.54459894507
2023-02-09,CA91720,VIA_TX75477,TX75477,354756.57646600704
2023-02-09,GA30043,DIRECT,N/A,587015.5945179352
2023-02-10,CA91720,VIA_TX75477,TX75477,325163.95398865617
2023-02-10,GA30043,DIRECT,N/A,380335.770462753
2023-02-11,CA91720,VIA_TX75477,TX75477,261729.21339683962
2023-02-11,GA30043,DIRECT,N/A,436171.95939259266
2023-02-12,CA91720,VIA_TX75477,TX75477,226043.35337022992
2023-02-12,GA30043,DIRECT,N/A,251603.4907834687
2023-02-13,CA91720,VIA_TX75477,TX75477,340900.8776048092
2023-02-13,GA30043,DIRECT,N/A,282330.3832421243
2023-02-14,CA91720,VIA_TX75477,TX75477,191447.95848126776
2023-02-14,GA30043,DIRECT,N/A,450869.8404057254
2023-02-15,CA91720,VIA_TX75477,TX75477,196216.3251188149
2023-02-15,GA30043,DIRECT,N/A,529541.2036146928
2023-02-16,CA91720,VIA_TX75477,TX75477,395410.59637293126
2023-02-16,GA30043,DIRECT,N/A,263952.48008191556
2023-02-17,CA91720,VIA_TX75477,TX75477,214821.4430071516
2023-02-17,GA30043,DIRECT,N/A,366625.2358782436
2023-02-18,CA91720,DIRECT,N/A,328072.2310578532
2023-02-18,GA30043,DIRECT,N/A,397530.63285950903
2023-02-19,CA91720,VIA_TX75477,TX75477,210063.585697437
2023-02-19,GA30043,DIRECT,N/A,336651.6553658656
2023-02-20,CA91720,VIA_TX75477,TX75477,129674.41826328664
2023-02-20,GA30043,DIRECT,N/A,160822.6500970662
2023-02-21,CA91720,DIRECT,N/A,103394.61148190894
2023-02-21,GA30043,DIRECT,N/A,373098.75212258496
2023-02-22,CA91720,VIA_TX75477,TX75477,369682.67170180014
2023-02-22,GA30043,DIRECT,N/A,74279.19117446746
2023-02-23,CA91720,VIA_TX75477,TX75477,223026.33531150967
2023-02-23,GA30043,DIRECT,N/A,566463.8344025328
2023-02-24,CA91720,VIA_TX75477,TX75477,272563.027149434
2023-02-24,GA30043,DIRECT,N/A,541175.5912136174
2023-02-25,CA91720,VIA_TX75477,TX75477,318458.0181685633
2023-02-25,GA30043,DIRECT,N/A,267514.33427725633
2023-02-26,CA91720,VIA_TX75477,TX75477,243969.64848209437
2023-02-26,GA30043,DIRECT,N/A,170847.31623156785
2023-02-27,CA91720,VIA_TX75477,TX75477,297800.2187261245
2023-02-27,GA30043,DIRECT,N/A,356502.0643660288
2023-02-28,CA91720,VIA_TX75477,TX75477,362773.09733709006
2023-02-28,GA30043,DIRECT,N/A,413413.6628306545
2023-03-01,CA91720,VIA_TX75477,TX75477,296474.0968827946
2023-03-01,GA30043,DIRECT,N/A,211554.73197439875
2023-03-02,CA91720,VIA_TX75477,TX75477,231554.09773432295
2023-03-02,GA30043,DIRECT,N/A,238405.63569536948
2023-03-03,CA91720,VIA_TX75477,TX75477,190974.92906861915
2023-03-03,GA30043,DIRECT,N/A,418044.202443776
2023-03-04,CA91720,VIA_TX75477,TX75477,583045.450650159
2023-03-04,GA30043,DIRECT,N/A,705284.7482980202
2023-03-05,CA91720,VIA_TX75477,TX75477,232775.8229999923
2023-03-05,GA30043,DIRECT,N/A,429323.6789391222
2023-03-06,CA91720,VIA_TX75477,TX75477,446755.6709248236
2023-03-06,GA30043,DIRECT,N/A,184174.83787088064
2023-03-07,CA91720,VIA_TX75477,TX75477,78812.11321409524
2023-03-07,GA30043,DIRECT,N/A,223636.6673981698
2023-03-08,CA91720,DIRECT,N/A,120000.68647865597
2023-03-08,GA30043,DIRECT,N/A,498297.93476804957
2023-03-09,CA91720,VIA_TX75477,TX75477,106123.44124937609
2023-03-09,GA30043,DIRECT,N/A,416027.86821521464
2023-03-10,CA91720,VIA_TX75477,TX75477,396459.50795828586
2023-03-10,GA30043,DIRECT,N/A,433839.1057164103
2023-03-11,CA91720,DIRECT,N/A,247048.14676060854
2023-03-11,GA30043,DIRECT,N/A,450327.4597817786
2023-03-12,CA91720,VIA_TX75477,TX75477,359168.0301928407
2023-03-12,GA30043,DIRECT,N/A,249688.33647034332
2023-03-13,CA91720,VIA_TX75477,TX75477,383687.7084167019
2023-03-13,GA30043,DIRECT,N/A,239344.35823242567
2023-03-14,CA91720,VIA_TX75477,TX75477,381840.0016860961
2023-03-14,GA30043,DIRECT,N/A,436568.22837934806
2023-03-15,CA91720,VIA_TX75477,TX75477,441632.1894084845
2023-03-15,GA30043,DIRECT,N/A,575486.097650271
2023-03-16,CA91720,VIA_TX75477,TX75477,111167.00092005898
2023-03-16,GA30043,DIRECT,N/A,154781.8737131508
2023-03-17,CA91720,VIA_TX75477,TX75477,167204.84011456041
2023-03-17,GA30043,DIRECT,N/A,448714.9956620459
2023-03-18,CA91720,VIA_TX75477,TX75477,178758.66398750953
2023-03-18,GA30043,DIRECT,N/A,680504.3023100554
2023-03-19,CA91720,VIA_TX75477,TX75477,195330.49462255984
2023-03-19,GA30043,DIRECT,N/A,364420.5913029947
2023-03-20,CA91720,VIA_TX75477,TX75477,510522.38190713193
2023-03-20,GA30043,DIRECT,N/A,383957.36422066967
2023-03-21,CA91720,VIA_TX75477,TX75477,343240.3778415624
2023-03-21,GA30043,DIRECT,N/A,356910.78223005927
2023-03-22,CA91720,VIA_TX75477,TX75477,129001.68106696501
2023-03-22,GA30043,DIRECT,N/A,417443.14161110093
2023-03-23,CA91720,DIRECT,N/A,186785.23433355064
2023-03-23,GA30043,DIRECT,N/A,356318.7717233106
2023-03-24,CA91720,VIA_TX75477,TX75477,185193.30435461557
2023-03-24,GA30043,DIRECT,N/A,208071.04899853052
2023-03-25,CA91720,VIA_TX75477,TX75477,412642.16862579616
2023-03-25,GA30043,DIRECT,N/A,463363.08326668566
2023-03-26,CA91720,VIA_TX75477,TX75477,500513.8470199213
2023-03-26,GA30043,DIRECT,N/A,319852.9571185697
2023-03-27,CA91720,VIA_TX75477,TX75477,451244.8627863384
2023-03-27,GA30043,DIRECT,N/A,360750.267766923
2023-03-28,CA91720,VIA_TX75477,TX75477,261633.44408917145
2023-03-28,GA30043,DIRECT,N/A,449156.77166950045
2023-03-29,CA91720,DIRECT,N/A,161118.8878730497
2023-03-29,GA30043,DIRECT,N/A,187468.01176746303
2023-03-30,CA91720,DIRECT,N/A,189099.54703014393
2023-03-30,GA30043,DIRECT,N/A,630330.4316609371
2023-03-31,CA91720,VIA_TX75477,TX75477,246598.2819795864
2023-03-31,GA30043,DIRECT,N/A,270956.37886396935
2023-04-01,CA91720,VIA_TX75477,TX75477,384888.62280226464
2023-04-01,GA30043,DIRECT,N/A,399662.42423261335
2023-04-02,CA91720,VIA_TX75477,TX75477,280064.9980777698
2023-04-02,GA30043,DIRECT,N/A,631534.7293845369
2023-04-03,CA91720,DIRECT,N/A,252729.20369402418
2023-04-03,GA30043,DIRECT,N/A,441968.3449334737
2023-04-04,CA91720,VIA_TX75477,TX75477,273105.3309587465
2023-04-04,GA30043,DIRECT,N/A,536557.3486126405
2023-04-05,CA91720,VIA_TX75477,TX75477,225634.4952823651
2023-04-05,GA30043,DIRECT,N/A,215090.9799647557
2023-04-06,CA91720,DIRECT,N/A,406221.6172073681
2023-04-06,GA30043,DIRECT,N/A,180986.98861033795
2023-04-07,CA91720,VIA_TX75477,TX75477,162714.3607283306
2023-04-07,GA30043,DIRECT,N/A,282820.99751482694
2023-04-08,CA91720,VIA_TX75477,TX75477,194592.35765831813
2023-04-08,GA30043,DIRECT,N/A,561821.8833358573
2023-04-09,CA91720,VIA_TX75477,TX75477,240466.54866471546
2023-04-09,GA30043,DIRECT,N/A,354680.7189161456
2023-04-10,CA91720,VIA_TX75477,TX75477,494921.2792440137
2023-04-10,GA30043,DIRECT,N/A,150248.73934745538
2023-04-11,CA91720,VIA_TX75477,TX75477,198947.32294273606
2023-04-11,GA30043,DIRECT,N/A,338090.87855249527
2023-04-12,CA91720,VIA_TX75477,TX75477,501260.9281748423
2023-04-12,GA30043,DIRECT,N/A,199141.7058391798
2023-04-13,CA91720,VIA_TX75477,TX75477,406700.333495209
2023-04-13,GA30043,DIRECT,N/A,408550.2401806846
2023-04-14,CA91720,VIA_TX75477,TX75477,135641.90596020725
2023-04-14,GA30043,DIRECT,N/A,392281.85560356383
2023-04-15,CA91720,VIA_TX75477,TX75477,228694.8433672556
2023-04-15,GA30043,DIRECT,N/A,291240.92698964686
2023-04-16,CA91720,VIA_TX75477,TX75477,405042.2423151506
2023-04-16,GA30043,DIRECT,N/A,400140.75872718194
2023-04-17,CA91720,DIRECT,N/A,459126.80818281765
2023-04-17,GA30043,DIRECT,N/A,309010.00980442646
2023-04-18,CA91720,VIA_TX75477,TX75477,247392.4979838681
2023-04-18,GA30043,DIRECT,N/A,458609.7955746066
2023-04-19,CA91720,VIA_TX75477,TX75477,538476.4399737039
2023-04-19,GA30043,DIRECT,N/A,377512.6938382538
2023-04-20,CA91720,VIA_TX75477,TX75477,217292.8180405979
2023-04-20,GA30043,DIRECT,N/A,203000.55439280134
2023-04-21,CA91720,DIRECT,N/A,371963.6279600507
2023-04-21,GA30043,DIRECT,N/A,238526.24389330368
2023-04-22,CA91720,VIA_TX75477,TX75477,176795.78002443843
2023-04-22,GA30043,DIRECT,N/A,212738.95331694555
2023-04-23,CA91720,VIA_TX75477,TX75477,503391.67976859753
2023-04-23,GA30043,DIRECT,N/A,511383.22866027727
2023-04-24,CA91720,VIA_TX75477,TX75477,532093.106581186
2023-04-24,GA30043,DIRECT,N/A,627844.7456212939
2023-04-25,CA91720,VIA_TX75477,TX75477,510972.89020138606
2023-04-25,GA30043,DIRECT,N/A,357387.42551132507
2023-04-26,CA91720,VIA_TX75477,TX75477,217407.75066615228
2023-04-26,GA30043,DIRECT,N/A,465744.97467607894
2023-04-27,CA91720,VIA_TX75477,TX75477,326370.9808371233
2023-04-27,GA30043,DIRECT,N/A,351689.3666174197
2023-04-28,CA91720,VIA_TX75477,TX75477,270204.2703336713
2023-04-28,GA30043,DIRECT,N/A,408856.4408708301
2023-04-29,CA91720,DIRECT,N/A,4552.54
2023-04-29,GA30043,DIRECT,N/A,383911.68352077313
2023-04-30,CA91720,VIA_TX75477,TX75477,183572.84443422308
2023-04-30,GA30043,DIRECT,N/A,334580.806741319
2023-05-01,CA91720,VIA_TX75477,TX75477,483315.467155495
2023-05-01,GA30043,DIRECT,N/A,558625.7467547902
2023-05-02,CA91720,VIA_TX75477,TX75477,488746.9135500581
2023-05-02,GA30043,DIRECT,N/A,270949.42181609233
2023-05-03,CA91720,VIA_TX75477,TX75477,333182.5221384972
2023-05-03,GA30043,DIRECT,N/A,473818.74543653306
2023-05-04,CA91720,VIA_TX75477,TX75477,103458.33892653896
2023-05-04,GA30043,DIRECT,N/A,296630.05066641315
2023-05-05,CA91720,VIA_TX75477,TX75477,356801.394951607
2023-05-05,GA30043,DIRECT,N/A,468521.0600662277
2023-05-06,CA91720,VIA_TX75477,TX75477,341594.7101765601
2023-05-06,GA30043,DIRECT,N/A,291546.15561784914
2023-05-07,CA91720,VIA_TX75477,TX75477,484535.48601338256
2023-05-07,GA30043,DIRECT,N/A,716314.9719405232
2023-05-08,CA91720,VIA_TX75477,TX75477,569298.1220006484
2023-05-08,GA30043,DIRECT,N/A,403160.80380817264
2023-05-09,CA91720,VIA_TX75477,TX75477,160429.35963427392
2023-05-09,GA30043,DIRECT,N/A,302657.6974357288
2023-05-10,CA91720,DIRECT,N/A,79164.01681549079
2023-05-10,GA30043,DIRECT,N/A,285588.41717939515
2023-05-11,CA91720,VIA_TX75477,TX75477,305142.16780144547
2023-05-11,GA30043,DIRECT,N/A,516131.2659972939
2023-05-12,CA91720,VIA_TX75477,TX75477,251762.29866542388
2023-05-12,GA30043,DIRECT,N/A,369674.5219631967
2023-05-13,CA91720,VIA_TX75477,TX75477,251537.5739617166
2023-05-13,GA30043,DIRECT,N/A,491899.0297674368
2023-05-14,CA91720,VIA_TX75477,TX75477,168699.50656057944
2023-05-14,GA30043,DIRECT,N/A,214179.70863658804
2023-05-15,CA91720,VIA_TX75477,TX75477,372160.31108070863
2023-05-15,GA30043,DIRECT,N/A,435617.2406289837
2023-05-16,CA91720,VIA_TX75477,TX75477,253615.2062358385
2023-05-16,GA30043,DIRECT,N/A,420558.969991832
2023-05-17,CA91720,VIA_TX75477,TX75477,288137.12984708376
2023-05-17,GA30043,DIRECT,N/A,202656.71366281188
2023-05-18,CA91720,VIA_TX75477,TX75477,315742.4818095794
2023-05-18,GA30043,DIRECT,N/A,309813.12382672285
2023-05-19,CA91720,VIA_TX75477,TX75477,329724.21928624326
2023-05-19,GA30043,DIRECT,N/A,494702.1272457808
2023-05-20,CA91720,DIRECT,N/A,34016.85599241351
2023-05-20,GA30043,DIRECT,N/A,351702.76662979164
2023-05-21,CA91720,VIA_TX75477,TX75477,276528.8232117874
2023-05-21,GA30043,DIRECT,N/A,751658.9767210025
2023-05-22,CA91720,VIA_TX75477,TX75477,289606.21160671994
2023-05-22,GA30043,DIRECT,N/A,190188.56179632555
2023-05-23,CA91720,DIRECT,N/A,365976.83094295557
2023-05-23,GA30043,DIRECT,N/A,666279.0963384531
2023-05-24,CA91720,VIA_TX75477,TX75477,66115.73202894555
2023-05-24,GA30043,DIRECT,N/A,251785.56797262467
2023-05-25,CA91720,VIA_TX75477,TX75477,248494.46155541122
2023-05-25,GA30043,DIRECT,N/A,160006.8761071883
2023-05-26,CA91720,VIA_TX75477,TX75477,509825.11008709285
2023-05-26,GA30043,DIRECT,N/A,393752.92951709864
2023-05-27,CA91720,VIA_TX75477,TX75477,537807.0287589851
2023-05-27,GA30043,DIRECT,N/A,350163.9393335814
2023-05-28,CA91720,VIA_TX75477,TX75477,225779.2334028823
2023-05-28,GA30043,DIRECT,N/A,425800.20077502925
2023-05-29,CA91720,VIA_TX75477,TX75477,237055.7881808533
2023-05-29,GA30043,DIRECT,N/A,204463.70288808315
2023-05-30,CA91720,VIA_TX75477,TX75477,295757.18012610264
2023-05-30,GA30043,DIRECT,N/A,226162.85455725994
2023-05-31,CA91720,VIA_TX75477,TX75477,321748.4124223049
2023-05-31,GA30043,DIRECT,N/A,276530.6198487715
2023-06-01,CA91720,VIA_TX75477,TX75477,288547.42210765526
2023-06-01,GA30043,DIRECT,N/A,372792.163798229
2023-06-02,CA91720,VIA_TX75477,TX75477,262627.1982163873
2023-06-02,GA30043,DIRECT,N/A,309196.3213723411
2023-06-03,CA91720,VIA_TX75477,TX75477,404241.61408881814
2023-06-03,GA30043,DIRECT,N/A,529783.7839297685
2023-06-04,CA91720,VIA_TX75477,TX75477,516351.3425925418
2023-06-04,GA30043,DIRECT,N/A,203558.13822054092
2023-06-05,CA91720,VIA_TX75477,TX75477,336344.3808718642
2023-06-05,GA30043,DIRECT,N/A,183140.66372342772
2023-06-06,CA91720,VIA_TX75477,TX75477,197538.56587740107
2023-06-06,GA30043,DIRECT,N/A,375583.94411988044
2023-06-07,CA91720,DIRECT,N/A,355947.1528280917
2023-06-07,GA30043,DIRECT,N/A,435978.0911817426
2023-06-08,CA91720,VIA_TX75477,TX75477,376533.54337179806
2023-06-08,GA30043,DIRECT,N/A,568015.5007189885
2023-06-09,CA91720,VIA_TX75477,TX75477,381309.94248186663
2023-06-09,GA30043,DIRECT,N/A,505690.2575905997
2023-06-10,CA91720,VIA_TX75477,TX75477,563365.8642273487
2023-06-10,GA30043,DIRECT,N/A,243160.50037404237
2023-06-11,CA91720,VIA_TX75477,TX75477,214090.94169016447
2023-06-11,GA30043,DIRECT,N/A,255590.2301879322
2023-06-12,CA91720,VIA_TX75477,TX75477,371705.22236988845
2023-06-12,GA30043,DIRECT,N/A,138368.67226876543
2023-06-13,CA91720,VIA_TX75477,TX75477,256877.24453561497
2023-06-13,GA30043,DIRECT,N/A,366719.72196393216
2023-06-14,CA91720,VIA_TX75477,TX75477,553774.3478475304
2023-06-14,GA30043,DIRECT,N/A,437169.8833525741
2023-06-15,CA91720,VIA_TX75477,TX75477,458491.18934780837
2023-06-15,GA30043,DIRECT,N/A,395803.9323581222
2023-06-16,CA91720,VIA_TX75477,TX75477,325892.8871762336
2023-06-16,GA30043,DIRECT,N/A,206795.84134043872
2023-06-17,CA91720,VIA_TX75477,TX75477,243371.8642362911
2023-06-17,GA30043,DIRECT,N/A,539429.6067486766
2023-06-18,CA91720,VIA_TX75477,TX75477,296350.32854820264
2023-06-18,GA30043,DIRECT,N/A,194655.68467786658
2023-06-19,CA91720,VIA_TX75477,TX75477,189706.66894653565
2023-06-19,GA30043,DIRECT,N/A,529352.695215066
2023-06-20,CA91720,VIA_TX75477,TX75477,257840.36429699115
2023-06-20,GA30043,DIRECT,N/A,456801.4816382399
2023-06-21,CA91720,VIA_TX75477,TX75477,479557.9929350796
2023-06-21,GA30043,DIRECT,N/A,450126.19778010156
2023-06-22,CA91720,VIA_TX75477,TX75477,410375.00756229163
2023-06-22,GA30043,DIRECT,N/A,499678.9829905293
2023-06-23,CA91720,VIA_TX75477,TX75477,51278.386766988624
2023-06-23,GA30043,DIRECT,N/A,239763.18697514583
2023-06-24,CA91720,VIA_TX75477,TX75477,87636.90975095722
2023-06-24,GA30043,DIRECT,N/A,387513.5548120183
2023-06-25,CA91720,VIA_TX75477,TX75477,254533.43855945836
2023-06-25,GA30043,DIRECT,N/A,424835.11425761395
2023-06-26,CA91720,VIA_TX75477,TX75477,163529.80987045425
2023-06-26,GA30043,DIRECT,N/A,216036.05610295606
2023-06-27,CA91720,VIA_TX75477,TX75477,166328.34283221167
2023-06-27,GA30043,DIRECT,N/A,362977.03893167764
2023-06-28,CA91720,DIRECT,N/A,21306.784849118998
2023-06-28,GA30043,DIRECT,N/A,487803.8805953901
2023-06-29,CA91720,DIRECT,N/A,229939.69847423292
2023-06-29,GA30043,DIRECT,N/A,290598.9709746
2023-06-30,CA91720,VIA_TX75477,TX75477,250688.75988818292
2023-06-30,GA30043,DIRECT,N/A,507341.96575073584
2023-07-01,CA91720,VIA_TX75477,TX75477,205762.27271942963
2023-07-01,GA30043,DIRECT,N/A,228187.76227376118
2023-07-02,CA91720,DIRECT,N/A,334407.6486606504
2023-07-02,GA30043,DIRECT,N/A,295181.51607626973
2023-07-03,CA91720,VIA_TX75477,TX75477,321598.44953628484
2023-07-03,GA30043,DIRECT,N/A,322309.19933080545
2023-07-04,CA91720,DIRECT,N/A,130560.77365518257
2023-07-04,GA30043,DIRECT,N/A,549337.9419587256
2023-07-05,CA91720,VIA_TX75477,TX75477,515142.9232187966
2023-07-05,GA30043,DIRECT,N/A,341609.82758928864
2023-07-06,CA91720,VIA_TX75477,TX75477,229076.93920111412
2023-07-06,GA30043,DIRECT,N/A,230887.104521208
2023-07-07,CA91720,VIA_TX75477,TX75477,229787.570800106
2023-07-07,GA30043,DIRECT,N/A,294204.4317587065
2023-07-08,CA91720,DIRECT,N/A,388125.0816988159
2023-07-08,GA30043,DIRECT,N/A,224674.33567223942
2023-07-09,CA91720,VIA_TX75477,TX75477,335161.5023768353
2023-07-09,GA30043,DIRECT,N/A,305228.36364080437
2023-07-10,CA91720,VIA_TX75477,TX75477,503959.8341102825
2023-07-10,GA30043,DIRECT,N/A,366439.63591030467
2023-07-11,CA91720,VIA_TX75477,TX75477,177019.9588720686
2023-07-11,GA30043,DIRECT,N/A,465603.6925469483
2023-07-12,CA91720,VIA_TX75477,TX75477,469227.86359399126
2023-07-12,GA30043,DIRECT,N/A,347818.0316076477
2023-07-13,CA91720,VIA_TX75477,TX75477,84359.26552746486
2023-07-13,GA30043,DIRECT,N/A,209009.23004651177
2023-07-14,CA91720,VIA_TX75477,TX75477,115516.7492162086
2023-07-14,GA30043,DIRECT,N/A,371070.0656691173
2023-07-15,CA91720,VIA_TX75477,TX75477,460778.1412909878
2023-07-15,GA30043,DIRECT,N/A,404322.0660622908
2023-07-16,CA91720,DIRECT,N/A,256476.0769062902
2023-07-16,GA30043,DIRECT,N/A,403310.7168586837
2023-07-17,CA91720,VIA_TX75477,TX75477,424123.3091114765
2023-07-17,GA30043,DIRECT,N/A,342674.80606496247
2023-07-18,CA91720,VIA_TX75477,TX75477,461277.6998854987
2023-07-18,GA30043,DIRECT,N/A,251808.43007862868
2023-07-19,CA91720,VIA_TX75477,TX75477,107209.64025940797
2023-07-19,GA30043,DIRECT,N/A,786635.0796795035
2023-07-20,CA91720,VIA_TX75477,TX75477,142261.52152820627
2023-07-20,GA30043,DIRECT,N/A,525958.904280881
2023-07-21,CA91720,VIA_TX75477,TX75477,272427.97888492944
2023-07-21,GA30043,DIRECT,N/A,297466.0551539683
2023-07-22,CA91720,VIA_TX75477,TX75477,276720.3326304506
2023-07-22,GA30043,DIRECT,N/A,271141.19818430976
2023-07-23,CA91720,VIA_TX75477,TX75477,388076.03387328086
2023-07-23,GA30043,DIRECT,N/A,488414.5054806771
2023-07-24,CA91720,VIA_TX75477,TX75477,123571.01231703135
2023-07-24,GA30043,DIRECT,N/A,256438.44155827884
2023-07-25,CA91720,DIRECT,N/A,4552.54
2023-07-25,GA30043,DIRECT,N/A,490009.96867862507
2023-07-26,CA91720,VIA_TX75477,TX75477,282534.1961301386
2023-07-26,GA30043,DIRECT,N/A,277626.95024921355
2023-07-27,CA91720,VIA_TX75477,TX75477,339303.32943087985
2023-07-27,GA30043,DIRECT,N/A,570466.1977884956
2023-07-28,CA91720,VIA_TX75477,TX75477,257911.4049328023
2023-07-28,GA30043,DIRECT,N/A,207430.64064717377
2023-07-29,CA91720,VIA_TX75477,TX75477,286554.3701835109
2023-07-29,GA30043,DIRECT,N/A,284815.16226741974
2023-07-30,CA91720,DIRECT,N/A,523741.54070584313
2023-07-30,GA30043,DIRECT,N/A,228138.0849703196
2023-07-31,CA91720,VIA_TX75477,TX75477,287543.6468998658
2023-07-31,GA30043,DIRECT,N/A,181715.65540756923
2023-08-01,CA91720,VIA_TX75477,TX75477,524985.7437407535
2023-08-01,GA30043,DIRECT,N/A,171324.29004872177
2023-08-02,CA91720,VIA_TX75477,TX75477,316647.63374498644
2023-08-02,GA30043,DIRECT,N/A,239334.2803681496
2023-08-03,CA91720,VIA_TX75477,TX75477,275935.958832928
2023-08-03,GA30043,DIRECT,N/A,370067.8221914098
2023-08-04,CA91720,VIA_TX75477,TX75477,303354.77060931554
2023-08-04,GA30043,DIRECT,N/A,311603.1202065924
2023-08-05,CA91720,VIA_TX75477,TX75477,154990.34504737172
2023-08-05,GA30043,DIRECT,N/A,399390.32903609215
2023-08-06,CA91720,VIA_TX75477,TX75477,355510.12914843205
2023-08-06,GA30043,DIRECT,N/A,107656.99196964895
2023-08-07,CA91720,VIA_TX75477,TX75477,114911.38003780428
2023-08-07,GA30043,DIRECT,N/A,193480.39282739398
2023-08-08,CA91720,VIA_TX75477,TX75477,439385.9259745537
2023-08-08,GA30043,DIRECT,N/A,476153.05463832064
2023-08-09,CA91720,VIA_TX75477,TX75477,474685.57716434996
2023-08-09,GA30043,DIRECT,N/A,227514.4510519557
2023-08-10,CA91720,VIA_TX75477,TX75477,155396.5238155667
2023-08-10,GA30043,DIRECT,N/A,419600.9462109627
2023-08-11,CA91720,VIA_TX75477,TX75477,330751.2183904798
2023-08-11,GA30043,DIRECT,N/A,397794.6347401143
2023-08-12,CA91720,VIA_TX75477,TX75477,376304.8460108783
2023-08-12,GA30043,DIRECT,N/A,131927.75237264286
2023-08-13,CA91720,VIA_TX75477,TX75477,485047.66500272916
2023-08-13,GA30043,DIRECT,N/A,136114.56109658134
2023-08-14,CA91720,VIA_TX75477,TX75477,342007.2940462092
2023-08-14,GA30043,DIRECT,N/A,126953.33007538911
2023-08-15,CA91720,VIA_TX75477,TX75477,234254.8423722999
2023-08-15,GA30043,DIRECT,N/A,210120.86089391186
2023-08-16,CA91720,VIA_TX75477,TX75477,247826.80339223356
2023-08-16,GA30043,DIRECT,N/A,372261.5951024421
2023-08-17,CA91720,DIRECT,N/A,347997.12700007024
2023-08-17,GA30043,DIRECT,N/A,263487.2597211144
2023-08-18,CA91720,VIA_TX75477,TX75477,142725.29152289516
2023-08-18,GA30043,DIRECT,N/A,447572.8271140391
2023-08-19,CA91720,VIA_TX75477,TX75477,260667.974151051
2023-08-19,GA30043,DIRECT,N/A,188755.20626569013
2023-08-20,CA91720,DIRECT,N/A,183584.22224246076
2023-08-20,GA30043,DIRECT,N/A,446117.275886065
2023-08-21,CA91720,VIA_TX75477,TX75477,290147.9604131994
2023-08-21,GA30043,DIRECT,N/A,363900.6714739869
2023-08-22,CA91720,VIA_TX75477,TX75477,139176.57268740027
2023-08-22,GA30043,DIRECT,N/A,481889.06001702254
2023-08-23,CA91720,VIA_TX75477,TX75477,538793.5575519077
2023-08-23,GA30043,DIRECT,N/A,358128.0955482176
2023-08-24,CA91720,VIA_TX75477,TX75477,509301.14430383267
2023-08-24,GA30043,DIRECT,N/A,367741.2705035006
2023-08-25,CA91720,VIA_TX75477,TX75477,241433.81212056038
2023-08-25,GA30043,DIRECT,N/A,384662.0244045671
2023-08-26,CA91720,VIA_TX75477,TX75477,345347.35613342
2023-08-26,GA30043,DIRECT,N/A,144346.04180510124
2023-08-27,CA91720,VIA_TX75477,TX75477,351033.90858783165
2023-08-27,GA30043,DIRECT,N/A,284625.69559433113
2023-08-28,CA91720,DIRECT,N/A,156480.27449931117
2023-08-28,GA30043,DIRECT,N/A,363319.4662064487
2023-08-29,CA91720,VIA_TX75477,TX75477,72145.45935789324
2023-08-29,GA30043,DIRECT,N/A,330210.1358621139
2023-08-30,CA91720,VIA_TX75477,TX75477,389628.5379856207
2023-08-30,GA30043,DIRECT,N/A,507862.08392943104
2023-08-31,CA91720,DIRECT,N/A,322218.27336626314
2023-08-31,GA30043,DIRECT,N/A,229363.53768086244
2023-09-01,CA91720,VIA_TX75477,TX75477,252719.72945978458
2023-09-01,GA30043,DIRECT,N/A,234734.62736171362
2023-09-02,CA91720,VIA_TX75477,TX75477,182588.8288458585
2023-09-02,GA30043,DIRECT,N/A,178363.34623796222
2023-09-03,CA91720,VIA_TX75477,TX75477,254134.9141792567
2023-09-03,GA30043,DIRECT,N/A,460244.4709722643
2023-09-04,CA91720,VIA_TX75477,TX75477,352562.31664776895
2023-09-04,GA30043,DIRECT,N/A,367639.97556965135
2023-09-05,CA91720,VIA_TX75477,TX75477,169011.0383558659
2023-09-05,GA30043,DIRECT,N/A,202801.486659072
2023-09-06,CA91720,VIA_TX75477,TX75477,468511.7473569319
2023-09-06,GA30043,DIRECT,N/A,324049.4171947721
2023-09-07,CA91720,VIA_TX75477,TX75477,143144.1560864911
2023-09-07,GA30043,DIRECT,N/A,137555.59044635098
2023-09-08,CA91720,VIA_TX75477,TX75477,101131.4602442571
2023-09-08,GA30043,DIRECT,N/A,579983.6209858473
2023-09-09,CA91720,VIA_TX75477,TX75477,203636.97794085584
2023-09-09,GA30043,DIRECT,N/A,342897.9705512343
2023-09-10,CA91720,VIA_TX75477,TX75477,377363.5190495371
2023-09-10,GA30043,DIRECT,N/A,484099.0154732712
2023-09-11,CA91720,VIA_TX75477,TX75477,212982.48602259817
2023-09-11,GA30043,DIRECT,N/A,123745.26825655518
2023-09-12,CA91720,DIRECT,N/A,320544.8482498844
2023-09-12,GA30043,DIRECT,N/A,247687.47994192678
2023-09-13,CA91720,VIA_TX75477,TX75477,393848.55299112364
2023-09-13,GA30043,DIRECT,N/A,331332.17657556594
2023-09-14,CA91720,VIA_TX75477,TX75477,226909.13037306105
2023-09-14,GA30043,DIRECT,N/A,288264.2540315215
2023-09-15,CA91720,VIA_TX75477,TX75477,443971.7765734944
2023-09-15,GA30043,DIRECT,N/A,147465.93466940007
2023-09-16,CA91720,DIRECT,N/A,76273.71924012635
2023-09-16,GA30043,DIRECT,N/A,309911.9299681722
2023-09-17,CA91720,VIA_TX75477,TX75477,272578.68894455704
2023-09-17,GA30043,DIRECT,N/A,457557.1506682123
2023-09-18,CA91720,DIRECT,N/A,341403.4226570208
2023-09-18,GA30043,DIRECT,N/A,284791.45878852595
2023-09-19,CA91720,VIA_TX75477,TX75477,403400.9609470607
2023-09-19,GA30043,DIRECT,N/A,232944.69817862098
2023-09-20,CA91720,VIA_TX75477,TX75477,154164.61685414522
2023-09-20,GA30043,DIRECT,N/A,528016.335051997
2023-09-21,CA91720,VIA_TX75477,TX75477,389407.2319646067
2023-09-21,GA30043,DIRECT,N/A,570015.620799857
2023-09-22,CA91720,DIRECT,N/A,384310.38373829913
2023-09-22,GA30043,DIRECT,N/A,105086.25593263746
2023-09-23,CA91720,VIA_TX75477,TX75477,149797.94114869813
2023-09-23,GA30043,DIRECT,N/A,325436.01592531294
2023-09-24,CA91720,VIA_TX75477,TX75477,321360.5301348404
2023-09-24,GA30043,DIRECT,N/A,259001.963140453
2023-09-25,CA91720,DIRECT,N/A,195169.03604082626
2023-09-25,GA30043,DIRECT,N/A,499000.182039198
2023-09-26,CA91720,VIA_TX75477,TX75477,345679.9888079592
2023-09-26,GA30043,DIRECT,N/A,375401.21962691273
2023-09-27,CA91720,VIA_TX75477,TX75477,332394.92284107825
2023-09-27,GA30043,DIRECT,N/A,373585.92061061657
2023-09-28,CA91720,VIA_TX75477,TX75477,365301.7465676948
2023-09-28,GA30043,DIRECT,N/A,190137.89947026345
2023-09-29,CA91720,VIA_TX75477,TX75477,393616.70953939797
2023-09-29,GA30043,DIRECT,N/A,135224.64817934224
2023-09-30,CA91720,VIA_TX75477,TX75477,413491.9576020979
2023-09-30,GA30043,DIRECT,N/A,90292.78136585084
2023-10-01,CA91720,DIRECT,N/A,203849.27305292164
2023-10-01,GA30043,DIRECT,N/A,488933.07160342054
2023-10-02,CA91720,VIA_TX75477,TX75477,202361.77378921883
2023-10-02,GA30043,DIRECT,N/A,165025.5779085028
2023-10-03,CA91720,DIRECT,N/A,119915.51109313327
2023-10-03,GA30043,DIRECT,N/A,313103.61797362886
2023-10-04,CA91720,VIA_TX75477,TX75477,396490.0162036178
2023-10-04,GA30043,DIRECT,N/A,203974.60326357887
2023-10-05,CA91720,VIA_TX75477,TX75477,108928.05771312794
2023-10-05,GA30043,DIRECT,N/A,120305.74843650393
2023-10-06,CA91720,VIA_TX75477,TX75477,202199.9082713311
2023-10-06,GA30043,DIRECT,N/A,616139.2811873097
2023-10-07,CA91720,VIA_TX75477,TX75477,363391.1563537
2023-10-07,GA30043,DIRECT,N/A,332726.8940882085
2023-10-08,CA91720,VIA_TX75477,TX75477,129107.4830233853
2023-10-08,GA30043,DIRECT,N/A,386814.72450387763
2023-10-09,CA91720,VIA_TX75477,TX75477,220655.28466833982
2023-10-09,GA30043,DIRECT,N/A,165176.32400541278
2023-10-10,CA91720,VIA_TX75477,TX75477,269087.0536341329
2023-10-10,GA30043,DIRECT,N/A,128855.81199296023
2023-10-11,CA91720,VIA_TX75477,TX75477,175650.89629736717
2023-10-11,GA30043,DIRECT,N/A,195382.9978244194
2023-10-12,CA91720,DIRECT,N/A,27081.99778082967
2023-10-12,GA30043,DIRECT,N/A,279088.4877277399
2023-10-13,CA91720,VIA_TX75477,TX75477,230285.00701724013
2023-10-13,GA30043,DIRECT,N/A,115829.96105502805
2023-10-14,CA91720,DIRECT,N/A,138489.48470373734
2023-10-14,GA30043,DIRECT,N/A,235599.01050647354
2023-10-15,CA91720,DIRECT,N/A,128157.674453421
2023-10-15,GA30043,DIRECT,N/A,162753.22212618086
2023-10-16,CA91720,VIA_TX75477,TX75477,224901.2642564276
2023-10-16,GA30043,DIRECT,N/A,406721.3197376419
2023-10-17,CA91720,DIRECT,N/A,123222.14008590044
2023-10-17,GA30043,DIRECT,N/A,327077.8619306761
2023-10-18,CA91720,VIA_TX75477,TX75477,206004.18529247085
2023-10-18,GA30043,DIRECT,N/A,464818.3277373046
2023-10-19,CA91720,DIRECT,N/A,233068.24893714287
2023-10-19,GA30043,DIRECT,N/A,297092.9402746388
2023-10-20,CA91720,DIRECT,N/A,66697.32791558382
2023-10-20,GA30043,DIRECT,N/A,234176.91606752854
2023-10-21,CA91720,DIRECT,N/A,144341.76068169717
2023-10-21,GA30043,DIRECT,N/A,217298.79828968117
2023-10-22,CA91720,VIA_TX75477,TX75477,129796.92062405225
2023-10-22,GA30043,DIRECT,N/A,196634.96575760952
2023-10-23,CA91720,VIA_TX75477,TX75477,76613.58114116345
2023-10-23,GA30043,DIRECT,N/A,256854.29205270618
2023-10-24,CA91720,VIA_TX75477,TX75477,85766.9227973955
2023-10-24,GA30043,DIRECT,N/A,362573.4182892625
2023-10-25,CA91720,VIA_TX75477,TX75477,257703.68396614597
2023-10-25,GA30043,DIRECT,N/A,135035.87115391486
2023-10-26,CA91720,VIA_TX75477,TX75477,285085.45279205556
2023-10-26,GA30043,DIRECT,N/A,344432.3812841353
2023-10-27,CA91720,VIA_TX75477,TX75477,242357.4251791843
2023-10-27,GA30043,DIRECT,N/A,157034.03396468266
2023-10-28,CA91720,DIRECT,N/A,313134.6362097559
2023-10-28,GA30043,DIRECT,N/A,143492.19001777004
2023-10-29,CA91720,VIA_TX75477,TX75477,103417.45270859159
2023-10-29,GA30043,DIRECT,N/A,133586.15186308933
2023-10-30,CA91720,VIA_TX75477,TX75477,96041.19552967724
2023-10-30,GA30043,DIRECT,N/A,338818.26026029896
2023-10-31,CA91720,VIA_TX75477,TX75477,369768.74259754596
2023-10-31,GA30043,DIRECT,N/A,93330.48123495757
2023-11-01,CA91720,VIA_TX75477,TX75477,268357.3251824139
2023-11-01,GA30043,DIRECT,N/A,349163.2248650817
2023-11-02,CA91720,VIA_TX75477,TX75477,159843.05094483486
2023-11-02,GA30043,DIRECT,N/A,132859.86813748747
2023-11-03,CA91720,VIA_TX75477,TX75477,115666.28031637243
2023-11-03,GA30043,DIRECT,N/A,394944.3430421455
2023-11-04,CA91720,VIA_TX75477,TX75477,393368.5153326123
2023-11-04,GA30043,DIRECT,N/A,38052.51226397774
2023-11-05,CA91720,DIRECT,N/A,268690.78163981903
2023-11-05,GA30043,DIRECT,N/A,164272.37505290058
2023-11-06,CA91720,VIA_TX75477,TX75477,261142.6263891525
2023-11-06,GA30043,DIRECT,N/A,187484.83578630164
2023-11-07,CA91720,VIA_TX75477,TX75477,299295.14902248984
2023-11-07,GA30043,DIRECT,N/A,260797.81744704462
2023-11-08,CA91720,VIA_TX75477,TX75477,529859.816889894
2023-11-08,GA30043,DIRECT,N/A,573268.5557470372
2023-11-09,CA91720,VIA_TX75477,TX75477,167700.22309311415
2023-11-09,GA30043,DIRECT,N/A,61585.1922842145
2023-11-10,CA91720,VIA_TX75477,TX75477,61300.70091866513
2023-11-10,GA30043,DIRECT,N/A,108823.39544396721
2023-11-11,CA91720,DIRECT,N/A,11120.004614762996
2023-11-11,GA30043,DIRECT,N/A,475943.4519432863
2023-11-12,CA91720,VIA_TX75477,TX75477,291924.4543115152
2023-11-12,GA30043,DIRECT,N/A,246648.23345123295
2023-11-13,CA91720,VIA_TX75477,TX75477,301974.16459840955
2023-11-13,GA30043,DIRECT,N/A,170576.90475095218
2023-11-14,CA91720,VIA_TX75477,TX75477,276033.6749790778
2023-11-14,GA30043,DIRECT,N/A,234983.32845526427
2023-11-15,CA91720,DIRECT,N/A,90101.78436633162
2023-11-15,GA30043,DIRECT,N/A,257787.15747334092
2023-11-16,CA91720,DIRECT,N/A,123282.93847764173
2023-11-16,GA30043,DIRECT,N/A,123190.89508563309
2023-11-17,CA91720,DIRECT,N/A,210745.770259134
2023-11-17,GA30043,DIRECT,N/A,152815.88731142977
2023-11-18,CA91720,DIRECT,N/A,155543.8494221854
2023-11-18,GA30043,DIRECT,N/A,45708.64736026111
2023-11-19,CA91720,VIA_TX75477,TX75477,240112.36320838236
2023-11-19,GA30043,DIRECT,N/A,143376.55727642894
2023-11-20,CA91720,VIA_TX75477,TX75477,238201.44446946908
2023-11-20,GA30043,DIRECT,N/A,271633.593194687
2023-11-21,CA91720,VIA_TX75477,TX75477,192222.90828992694
2023-11-21,GA30043,DIRECT,N/A,224105.92466542375
2023-11-22,CA91720,DIRECT,N/A,205951.8425290121
2023-11-22,GA30043,DIRECT,N/A,301072.01249491115
2023-11-23,CA91720,VIA_TX75477,TX75477,150286.8324942608
2023-11-23,GA30043,DIRECT,N/A,73771.1198310283
2023-11-24,CA91720,DIRECT,N/A,121744.47506555868
2023-11-24,GA30043,DIRECT,N/A,305820.3739464622
2023-11-25,CA91720,VIA_TX75477,TX75477,205825.03578668527
2023-11-25,GA30043,DIRECT,N/A,106433.87297754419
2023-11-26,CA91720,VIA_TX75477,TX75477,307488.4578128919
2023-11-26,GA30043,DIRECT,N/A,47798.47613734812
2023-11-27,GA30043,DIRECT,N/A,202288.0786469634
2023-11-28,CA91720,VIA_TX75477,TX75477,139472.00591987406
2023-11-28,GA30043,DIRECT,N/A,53050.954360987686
2023-11-29,CA91720,DIRECT,N/A,62531.58576786163
2023-11-29,GA30043,DIRECT,N/A,67146.09747618093
2023-11-30,CA91720,DIRECT,N/A,106278.7394301842
2023-11-30,GA30043,DIRECT,N/A,158767.53285469938
2023-12-01,CA91720,DIRECT,N/A,59092.90396253886
2023-12-01,GA30043,DIRECT,N/A,123740.82249122499
2023-12-02,CA91720,DIRECT,N/A,67032.2193729278
2023-12-02,GA30043,DIRECT,N/A,114838.58085857003
2023-12-03,CA91720,VIA_TX75477,TX75477,280071.35772571387
2023-12-03,GA30043,DIRECT,N/A,44540.54233537837
2023-12-04,CA91720,DIRECT,N/A,210745.770259134
2023-12-04,GA30043,DIRECT,N/A,148266.87692194455
2023-12-05,CA91720,VIA_TX75477,TX75477,86336.85685624236
2023-12-05,GA30043,DIRECT,N/A,163731.82701813694
2023-12-06,CA91720,DIRECT,N/A,74432.20977939159
2023-12-06,GA30043,DIRECT,N/A,29099.321180275496
2023-12-07,GA30043,DIRECT,N/A,357268.5837110715
2023-12-08,CA91720,DIRECT,N/A,50219.16454820429
2023-12-08,GA30043,DIRECT,N/A,2531.5341628499996
2023-12-09,CA91720,DIRECT,N/A,148264.69971463672
2023-12-09,GA30043,DIRECT,N/A,102820.31043789901
2023-12-10,CA91720,DIRECT,N/A,233876.40358025845
2023-12-10,GA30043,DIRECT,N/A,15594.182645332497
2023-12-11,CA91720,DIRECT,N/A,210731.96371369134
2023-12-11,GA30043,DIRECT,N/A,145124.13341814716
2023-12-12,CA91720,VIA_TX75477,TX75477,127168.83586392333
2023-12-12,GA30043,DIRECT,N/A,24182.42522726249
2023-12-13,CA91720,DIRECT,N/A,273774.3731997596
2023-12-13,GA30043,DIRECT,N/A,14608.679179544997
2023-12-14,CA91720,VIA_TX75477,TX75477,231515.50382718668
2023-12-14,GA30043,DIRECT,N/A,135791.2200584023
2023-12-15,CA91720,DIRECT,N/A,33334.45864553474
2023-12-15,GA30043,DIRECT,N/A,47149.12354549257
2023-12-16,CA91720,DIRECT,N/A,245230.16115448764
2023-12-16,GA30043,DIRECT,N/A,1774.9489378499998
2023-12-17,CA91720,DIRECT,N/A,27273.647982710238
2023-12-17,GA30043,DIRECT,N/A,160052.10173867815
2023-12-18,GA30043,DIRECT,N/A,147562.10438735754
2023-12-19,CA91720,DIRECT,N/A,219174.23986154213
2023-12-19,GA30043,DIRECT,N/A,43576.91392972499
2023-12-20,GA30043,DIRECT,N/A,72901.79303880823
2023-12-21,CA91720,DIRECT,N/A,68501.52379856916
2023-12-21,GA30043,DIRECT,N/A,1543.4338589999998
2023-12-22,CA91720,DIRECT,N/A,365151.04051584465
2023-12-22,GA30043,DIRECT,N/A,126417.35579794321
2023-12-23,CA91720,DIRECT,N/A,21970.884489839376
2023-12-23,GA30043,DIRECT,N/A,34611.49158497662
2023-12-24,GA30043,DIRECT,N/A,63797.963031920066
2023-12-25,GA30043,DIRECT,N/A,45314.98668049257
2023-12-26,GA30043,DIRECT,N/A,49572.162655438486
2023-12-28,GA30043,DIRECT,N/A,2542.1263559999993
2023-12-29,GA30043,DIRECT,N/A,24615.42018523087
2023-12-31,GA30043,DIRECT,N/A,41892.18948273149
